﻿<?xml version="1.0" encoding="utf-8"?>
<ResourceMetadata xmlns="http://schemas.microsoft.com/powershell-web-services/2010/09">
  <SchemaNamespace>DSC</SchemaNamespace>
  <ContainerName>PSWSEntityContainer</ContainerName>
  <Resources>
    <Resource>
      <RelativeUrl>Configurations</RelativeUrl>
      <Class>MSFT_DSCConfiguration</Class>
    </Resource>
   <Resource>
      <RelativeUrl>Modules</RelativeUrl>
      <Class>MSFT_DSCModule</Class>
    </Resource>
   <Resource>
      <RelativeUrl>Action</RelativeUrl>
      <Class>MSFT_PSDSCAction</Class>
    </Resource>
    <Resource>
      <RelativeUrl>Module</RelativeUrl>
      <Class>MSFT_PSDSCModule</Class>
    </Resource>
    <Resource>
      <RelativeUrl>StatusReport</RelativeUrl>
      <Class>MSFT_PSDSCStatusReport</Class>
    </Resource>
    <Resource>
      <RelativeUrl>Node</RelativeUrl>
      <Class>MSFT_PSDSCNode</Class>
    </Resource>
    <Resource>
      <RelativeUrl>Reports</RelativeUrl>
      <Class>MSFT_DSCReport</Class>
    </Resource>
    <Resource>
      <RelativeUrl>Nodes</RelativeUrl>
      <Class>MSFT_DSCNode</Class>
    </Resource>
  </Resources>
</ResourceMetadata>